{
  "Agumon:HolyRuinEvent": {
    "NAME": "聖なる遺跡",
    "DESCRIPTIONS": [
      "道を迷い聖なる遺跡を発見した。 NL 遺跡に手を大字光が吹き出てきます。 NL NL #y光 は遠くの山を越えを指します。",
      "他の遺跡に到着すると、聖なるデジモンが登場しました。 NL 過去を回想させ #y力 を渡そうとします。",
      "聖なる光が吹き出てくる何かを獲得しました。",
      "無視していた道を続けていくことにしました。"
    ],
    "OPTIONS": [
      "[ついて行く] 道が険します。 #rHPを #r",
      " #r失う。",
      "[去る]",
      "[受ける] #y聖なる力 を得る。",
      "[拒否] 横に落ちた #yゴールドを #b",  "拾って行く。"
    ]
  },
  "Agumon:PalmTreeEvent": {
    "NAME": "ヤシの木",
    "DESCRIPTIONS": [
      "川の横でヤシの木を見つけた。 NL ヤシの実を落とすことができそう。",
      "すごくお腹が空いた。。。。",
      "実を取って仲間と分けて食べた。",
      "木が折れ始める. どのように対処するか? NL NL 1. 床に向かって炎を打ち上げます。 NL 2. 瞬間的に進化して危機を逃れます。 NL 3. 川に飛び込んで衝撃を和らげます。",
      "無事危機を乗り越えました。"
    ],
    "OPTIONS": [
      "[揺する] 50%の確率で #gHPを #b",
      " #g回復する.",
      "[飢える] #rHPを #r",
      " #r失う.",
      "[立ち去る]",
      "[攻撃] #r紛失 #r: ",
      "[選択不可] 必要条件 : アタックカード",
      "[進化] #r紛失 #r: ",
      "[選択不可] 必要条件 : パワーカード",
      "[ジャンプ] #r紛失 #r: ",
      "[選択不可] 必要条件 : スキルカード"
    ]
  }
}
