[
  {
    "NAMES": [
      "勇気"
    ],
    "DESCRIPTION": "勇気を使用し強力な行動をとれる。勇気が足りない場合、そのカードのコストが0となり勇気を1(2)得る。 攻撃しなくても攻撃カードは攻撃カードとして扱われる。"
  },
  {
    "NAMES": [
      "火傷"
    ],
    "DESCRIPTION": "モンスターは毎ターン燃え上がり, 最大体力の10％のダメージを受けます。"
  },
  {
    "NAMES": [
      "進化"
    ],
    "DESCRIPTION": "デジモンが一世代進化してさらに強くなります。 すべてのひっかくと防御、特定のカードが進化します。完全体以上に進化するには紋章が必要。"
  },
  {
    "NAMES": [
      "代進"
    ],
    "DESCRIPTION": "デジモンの進化の段階. 順序は 成長期 - 成熟期 - 完全体 - 究極体."
  },
  {
    "NAMES": [
      "専用"
    ],
    "DESCRIPTION": "前記載デジモンのみ使用できるカード。進化時に山札に生成され退化時に消える。"
  }
]